address_id,address,district,city_id,postal_code,phone
1,47 MySakila Drive,Alberta,300,13994,(299) 865-2360
2,28 MySQL Boulevard,QLD,576,83402,(840)245-1048
3,23 Workhaven Lane,Alberta,300,53012,(403) 333-5568
4,1411 Lillydale Drive,QLD,576,49321,(617) 223-5589
5,1913 Hanoi Way,Nagasaki,463,35200,(830) 338-4290
6,1121 Loja Avenue,California,449,17886,(363) 528-6649
7,692 Joliet Street,Attika,38,83579,(447) 719-0408
8,1566 Inegl Manor,Mandalay,349,53561,(781) 400-3527
9,53 Idfu Parkway,Nantou,361,42399,(165) 564-8674
10,1795 Santiago de Compostela Way,Texas,295,18743,(845) 262-6434
11,900 Santiago de Compostela Parkway,Central Serbia,280,93896,(757) 122-0373
12,478 Joliet Way,Hamilton,200,77948,(628) 228-5970
13,613 Korolev Drive,Masqat,329,45844,(365) 752-2649
14,1531 Sal Drive,Esfahan,162,53628,(645) 693-6185
15,1542 Tarlac Parkway,Kanagawa,440,10275,(629) 727-7345
16,808 Bhopal Manor,Haryana,582,10672,(488) 780-7014
17,270 Amroha Parkway,Osmaniye,384,29610,(647) 968-7538
18,770 Bydgoszcz Avenue,California,120,16266,(533) 831-4235
19,419 Iligan Lane,Madhya Pradesh,76,72878,(991) 110-7354
20,360 Toulouse Parkway,England,495,54308,(931) 233-3307
21,270 Toulon Boulevard,Kalmykia,156,81766,(475) 241-4682
22,320 Brest Avenue,Kaduna,252,43331,(779) 159-4069
23,1417 Lancaster Avenue,Northern Cape,267,72192,(257) 235-7893
24,1688 Okara Way,Nothwest Border Prov,327,21954,(145) 386-9132
25,262 A Corua (La Corua) Parkway,Dhaka,525,34418,(897) 575-0063
26,28 Charlotte Amalie Street,Rabat-Sal-Zammour-Z,443,37551,(166) 837-4323
27,1780 Hino Boulevard,Liepaja,303,77161,(903) 122-9323
28,96 Tafuna Way,Crdoba,128,99865,(933) 018-7245
29,934 San Felipe de Puerto Plata Street,Sind,472,99780,(199) 594-5706
30,18 Duisburg Boulevard,,121,58327,(990) 977-7982
31,217 Botshabelo Place,Southern Mindanao,138,49521,(665) 657-2025
32,1425 Shikarpur Manor,Bihar,346,65599,(672) 086-7005
33,786 Aurora Avenue,Yamaguchi,474,65750,(184) 686-0151
34,1668 Anpolis Street,Taipei,316,50199,(525) 554-0978
35,33 Gorontalo Way,West Bengali,257,30348,(745) 494-7458
36,176 Mandaluyong Place,Uttar Pradesh,239,65213,(627) 599-1774
37,127 Purnea (Purnia) Manor,Piemonte,17,79388,(911) 222-0378
38,61 Tama Street,Okayama,284,94065,(708) 333-8270
39,391 Callao Drive,Midi-Pyrnes,544,34021,(440) 215-3169
40,334 Munger (Monghyr) Lane,Markazi,31,38145,(488) 327-3622
41,1440 Fukuyama Loop,Henan,362,47929,(915) 725-0465
42,269 Cam Ranh Parkway,Chisinau,115,34689,(488) 382-9737
43,306 Antofagasta Place,Esprito Santo,569,39890,(371) 885-1631
44,671 Graz Street,Oriental,353,94399,(686) 886-8518
45,42 Brindisi Place,Yerevan,586,16744,(423) 472-1397
46,1632 Bislig Avenue,Nonthaburi,394,61117,(477) 584-0679
47,1447 Imus Way,Tahiti,167,48942,(535) 831-3890
48,1998 Halifax Drive,Lipetsk,308,76022,(172) 772-2820
49,1718 Valencia Street,Antofagasta,27,37359,(529) 281-6413
50,46 Pjatigorsk Lane,Moscow (City),343,23616,(267) 699-4845
51,686 Garland Manor,Cear,247,52535,(694) 337-8813
52,909 Garland Manor,Tatarstan,367,69367,(705) 032-2606
53,725 Isesaki Place,Mekka,237,74428,(879) 532-3994
54,115 Hidalgo Parkway,Khartum,379,80168,(300) 395-0263
55,1135 Izumisano Parkway,California,171,48150,(172) 253-3480
56,939 Probolinggo Loop,Galicia,1,41666,(682) 831-0138
57,17 Kabul Boulevard,Chiba,355,38594,(696) 086-7968
58,1964 Allappuzha (Alleppey) Street,Yamaguchi,227,48980,(921) 132-5222
59,1697 Kowloon and New Kowloon Loop,Moskova,49,57807,(495) 201-7190
60,1668 Saint Louis Place,Tahiti,397,39072,(348) 783-1378
61,943 Tokat Street,Vaduz,560,45428,(881) 896-3672
62,1114 Liepaja Street,Sarawak,282,69226,(216) 922-8936
63,1213 Ranchi Parkway,Karnataka,350,94352,(802) 438-0485
64,81 Hodeida Way,Rajasthan,231,55561,(256) 774-9542
65,915 Ponce Place,Basel-Stadt,56,83980,(139) 525-1317
66,1717 Guadalajara Lane,Missouri,441,85505,(919) 018-1665
67,1214 Hanoi Way,Nebraska,306,67055,(490) 113-6577
68,1966 Amroha Avenue,Sichuan,139,70385,(338) 932-4603
69,698 Otsu Street,Cayenne,105,71110,(408) 392-4481
70,1150 Kimchon Manor,Skne ln,321,96109,(664) 933-3709
71,1586 Guaruj Place,Hunan,579,51354,(943) 336-5992
72,57 Arlington Manor,Madhya Pradesh,475,48960,(991) 441-9142
73,1031 Daugavpils Parkway,Bchar,63,59025,(103) 740-0143
74,1124 Buenaventura Drive,Mekka,13,68568,(403) 380-4223
75,492 Cam Ranh Street,Eastern Visayas,61,50805,(561) 827-4456
76,89 Allappuzha (Alleppey) Manor,National Capital Reg,517,75444,(250) 044-0636
77,1947 Poos de Caldas Boulevard,Chiayi,114,60951,(425) 448-5876
78,1206 Dos Quebradas Place,So Paulo,431,20207,(243) 279-0687
79,1551 Rampur Lane,Changhwa,108,72394,(256) 434-0471
80,602 Paarl Street,Pavlodar,402,98889,(891) 477-2871
81,1692 Ede Loop,So Paulo,30,92230,(911) 137-6618
82,936 Salzburg Lane,Uttar Pradesh,425,96709,(875) 677-1675
83,586 Tete Way,Kanagawa,256,10793,(185) 162-4103
84,1888 Kabul Drive,Oyo & Osun,217,20936,(701) 731-9790
85,320 Baiyin Parkway,Mahajanga,319,37307,(226) 466-1973
86,927 Baha Blanca Parkway,Krim,479,94954,(827) 224-2086
87,929 Tallahassee Loop,Gauteng,497,74671,(801) 653-5041
88,125 Citt del Vaticano Boulevard,Puebla,40,67912,(484) 764-2933
89,1557 Ktahya Boulevard,England,88,88002,(729) 824-7660
90,870 Ashqelon Loop,Songkhla,489,84931,(131) 727-8909
91,1740 Portoviejo Avenue,Sucre,480,29932,(192) 317-0793
92,1942 Ciparay Parkway,Cheju,113,82624,(978) 736-3654
93,1926 El Alto Avenue,Buenos Aires,289,75543,(842) 545-9260
94,1952 Chatsworth Drive,Guangdong,332,25958,(996) 240-2283
95,1370 Le Mans Avenue,Brunei and Muara,53,52163,(347) 983-5036
96,984 Effon-Alaiye Avenue,Gois,183,17119,(138) 689-2228
97,832 Nakhon Sawan Manor,Inner Mongolia,592,49021,(279) 557-1388
98,152 Kitwe Parkway,Caraga,82,53182,(833) 360-5312
99,1697 Tanauan Lane,Punjab,399,22870,(476) 477-3857
100,1308 Arecibo Way,Georgia,41,30695,(617) 105-4059
101,1599 Plock Drive,Tete,534,71986,(817) 891-3162
102,669 Firozabad Loop,Abu Dhabi,12,92265,(410) 316-7998
103,588 Vila Velha Manor,Kyongsangbuk,268,51540,(333) 990-8719
104,1913 Kamakura Place,Lipetsk,238,97287,(947) 053-6750
105,733 Mandaluyong Place,Asir,2,77459,(196) 843-5814
106,659 Vaduz Drive,Ha Darom,34,49708,(703) 513-5487
107,1177 Jelets Way,Kwara & Kogi,220,33055,(489) 262-6944
108,1386 Yangor Avenue,Provence-Alpes-Cte,543,80720,(441) 622-6468
109,454 Nakhon Sawan Boulevard,Funafuti,173,76383,(968) 714-7572
110,1867 San Juan Bautista Tuxtepec Avenue,Ivanovo,225,78311,(540) 331-0357
111,1532 Dzerzinsk Way,Buenos Aires,334,95996,(333) 801-6880
112,1002 Ahmadnagar Manor,Mxico,213,93026,(379) 077-7743
113,682 Junan Way,North West,273,30418,(625) 521-6127
114,804 Elista Drive,Hubei,159,61069,(370) 459-2943
115,1378 Alvorada Avenue,Distrito Federal,102,75834,(273) 429-8332
116,793 Cam Ranh Avenue,California,292,87057,(827) 092-4746
117,1079 Tel Aviv-Jaffa Boulevard,Sucre,132,10885,(357) 893-3857
118,442 Rae Bareli Place,Nordrhein-Westfalen,148,24321,(883) 641-3768
119,1107 Nakhon Sawan Avenue,Mxico,365,75149,(864) 662-7903
120,544 Malm Parkway,Central Java,403,63502,(385) 964-6229
121,1967 Sincelejo Place,Gujarat,176,73644,(571) 261-6052
122,333 Goinia Way,Texas,185,78625,(902) 925-6431
123,1987 Coacalco de Berriozbal Loop,al-Qalyubiya,476,96065,(785) 441-5858
124,241 Mosul Lane,Risaralda,147,76157,(765) 345-1479
125,211 Chiayi Drive,Uttar Pradesh,164,58186,(665) 993-8848
126,1175 Tanauan Way,Lima,305,64615,(937) 222-9522
127,117 Boa Vista Way,Uttar Pradesh,566,68047,(677) 976-1314
128,848 Tafuna Manor,Ktahya,281,45142,(614) 935-2295
129,569 Baicheng Lane,Gauteng,85,60304,(490) 211-9445
130,1666 Qomsheh Drive,So Paulo,410,66255,(582) 835-3605
131,801 Hagonoy Drive,Smolensk,484,84398,(237) 426-0912
132,1050 Garden Grove Avenue,Slaskie,236,49999,(973) 047-3653
133,1854 Tieli Street,Shandong,302,15819,(509) 492-3275
134,758 Junan Lane,Gois,190,82639,(935) 448-6285
135,1752 So Leopoldo Parkway,Taka-Karpatia,345,14014,(252) 265-1367
136,898 Belm Manor,Free State,87,49757,(707) 169-3953
137,261 Saint Louis Way,Coahuila de Zaragoza,541,83401,(321) 944-0300
138,765 Southampton Drive,al-Qalyubiya,421,42850,(237) 124-1157
139,943 Johannesburg Avenue,Maharashtra,417,58921,(909) 210-0305
140,788 Atinsk Street,Karnataka,211,81691,(146) 497-5024
141,1749 Daxian Place,Gelderland,29,11044,(963) 369-9979
142,1587 Sullana Lane,Inner Mongolia,207,85769,(468) 060-4618
143,1029 Dzerzinsk Manor,Ynlin,542,57519,(331) 735-8446
144,1666 Beni-Mellal Place,Tennessee,123,13377,(909) 994-1466
145,928 Jaffna Loop,Hiroshima,172,93762,(581) 852-1391
146,483 Ljubertsy Parkway,Scotland,149,60562,(581) 174-2153
147,374 Bat Yam Boulevard,Kilis,266,97700,(923) 261-6149
148,1027 Songkhla Manor,Minsk,340,30861,(563) 660-1896
149,999 Sanaa Loop,Gauteng,491,34392,(918) 032-3319
150,879 Newcastle Way,Michigan,499,90732,(206) 841-1094
151,1337 Lincoln Parkway,Saitama,555,99457,(597) 815-2267
152,1952 Pune Lane,Saint-Denis,442,92150,(354) 615-0669
153,782 Mosul Street,Massachusetts,94,25545,(885) 899-7021
154,781 Shimonoseki Drive,Michoacn de Ocampo,202,95444,(632) 316-2799
155,1560 Jelets Boulevard,Shandong,291,77777,(189) 446-0964
156,1963 Moscow Place,Assam,354,64863,(761) 379-4849
157,456 Escobar Way,Jakarta Raya,232,36061,(719) 202-5320
158,798 Cianjur Avenue,Shanxi,590,76990,(499) 408-7080
159,185 Novi Sad Place,Bern,72,41778,(904) 253-9671
160,1367 Yantai Manor,Ondo & Ekiti,381,21294,(889) 538-4900
161,1386 Nakhon Sawan Boulevard,Pyongyang-si,420,53502,(368) 899-1725
162,369 Papeete Way,North Carolina,187,66639,(170) 117-0615
163,1440 Compton Place,North Austria,307,81037,(931) 059-8397
164,1623 Baha Blanca Manor,Moskova,310,81511,(149) 981-2446
165,97 Shimoga Avenue,Tel Aviv,533,44660,(177) 167-0031
166,1740 Le Mans Loop,Pays de la Loire,297,22853,(168) 476-5360
167,1287 Xiangfan Boulevard,Gifu,253,57844,(819) 416-1390
168,842 Salzburg Lane,Adana,529,33133,(697) 151-4260
169,154 Tallahassee Loop,Xinxiang,199,62250,(935) 508-8535
170,710 San Felipe del Progreso Avenue,Lilongwe,304,76901,(843) 801-1413
171,1540 Wroclaw Drive,Maharashtra,107,62686,(182) 363-3474
172,475 Atinsk Way,Gansu,240,59571,(201) 705-5790
173,1294 Firozabad Drive,Jiangxi,407,70618,(161) 806-9569
174,1877 Ezhou Lane,Rajasthan,550,63337,(264) 544-3403
175,316 Uruapan Street,Perak,223,58194,(275) 786-7899
176,29 Pyongyang Loop,Batman,58,47753,(734) 784-3462
177,1010 Klerksdorp Way,Steiermark,186,68024,(493) 004-6874
178,1848 Salala Boulevard,Miranda,373,25220,(482) 658-1133
179,431 Xiangtan Avenue,Kerala,18,48545,(230) 250-3122
180,757 Rustenburg Avenue,Skikda,483,89668,(506) 133-5434
181,146 Johannesburg Way,Tamaulipas,330,54132,(953) 680-7081
182,1891 Rizhao Boulevard,So Paulo,456,47288,(391) 064-9876
183,1089 Iwatsuki Avenue,Kirov,270,35109,(866) 093-5135
184,1410 Benin City Parkway,Risaralda,405,29747,(104) 157-2603
185,682 Garden Grove Place,Tennessee,333,67497,(721) 363-0362
186,533 al-Ayn Boulevard,California,126,88626,(662) 228-6184
187,1839 Szkesfehrvr Parkway,Gois,317,55709,(947) 461-8183
188,741 Ambattur Manor,Noord-Brabant,438,43310,(302) 598-3819
189,927 Barcelona Street,Chaharmahal va Bakht,467,65121,(951) 489-2670
190,435 0 Way,West Bengali,195,74750,(760) 172-3969
191,140 Chiayi Parkway,Sumy,506,38982,(855) 860-6434
192,1166 Changhwa Street,Caraga,62,58852,(650) 759-4490
193,891 Novi Sad Manor,Ontario,383,53797,(247) 649-5453
194,605 Rio Claro Parkway,Tabora,513,49348,(352) 465-1088
195,1077 San Felipe de Puerto Plata Place,Rostov-na-Donu,369,65387,(812) 823-6424
196,9 San Miguel de Tucumn Manor,Uttar Pradesh,169,90845,(956) 182-8558
197,447 Surakarta Loop,Nyanza,271,10428,(940) 837-6580
198,345 Oshawa Boulevard,Tokyo-to,204,32114,(104) 490-1771
199,1792 Valle de la Pascua Place,Nordrhein-Westfalen,477,15540,(419) 419-1240
200,1074 Binzhou Manor,Baden-Wrttemberg,325,36490,(331) 136-8928
201,817 Bradford Loop,Jiangsu,109,89459,(264) 284-2804
202,955 Bamenda Way,Ondo & Ekiti,218,15458,(768) 487-9568
203,1149 A Corua (La Corua) Boulevard,Haiphong,194,95824,(470) 884-1195
204,387 Mwene-Ditu Drive,Ahal,35,80739,(764) 478-1869
205,68 Molodetno Manor,Nordrhein-Westfalen,575,46620,(146) 643-9760
206,642 Nador Drive,Maharashtra,77,39241,(369) 058-5652
207,1688 Nador Lane,Sulawesi Utara,184,61613,(652) 219-6731
208,1215 Pyongyang Parkway,Usak,557,25238,(646) 230-1779
209,1679 Antofagasta Street,Alto Paran,122,86599,(905) 907-4913
210,1304 s-Hertogenbosch Way,Santa Catarina,83,10925,(903) 362-6227
211,850 Salala Loop,Kitaa,371,10800,(403) 408-0639
212,624 Oshawa Boulevard,West Bengali,51,89959,(496) 776-4184
213,43 Dadu Avenue,Rajasthan,74,48552,(956) 669-1770
214,751 Lima Loop,Aden,7,99405,(756) 463-7785
215,1333 Haldia Street,Jilin,174,82161,(408) 309-1718
216,660 Jedda Boulevard,Washington,65,25053,(168) 756-8397
217,1001 Miyakonojo Lane,Taizz,518,67924,(584) 312-4815
218,226 Brest Manor,California,508,22993,(785) 881-2500
219,1229 Valencia Parkway,Haskovo,498,99124,(352) 677-3732
220,1201 Qomsheh Manor,Gois,28,21464,(873) 492-8462
221,866 Shivapuri Manor,Uttar Pradesh,448,22474,(778) 503-1092
222,1168 Najafabad Parkway,Kabol,251,40301,(886) 646-5861
223,1244 Allappuzha (Alleppey) Place,Buenos Aires,567,20657,(991) 802-5778
224,1842 Luzinia Boulevard,Zanzibar West,593,94420,(706) 877-4831
225,1926 Gingoog Street,Sisilia,511,22824,(469) 732-5391
226,810 Palghat (Palakkad) Boulevard,Jaroslavl,235,73431,(516) 337-1356
227,1820 Maring Parkway,Punjab,324,88307,(997) 608-3676
228,60 Poos de Caldas Street,Rajasthan,243,82338,(963) 068-8669
229,1014 Loja Manor,Tamil Nadu,22,66851,(460) 792-6514
230,201 Effon-Alaiye Way,Asuncin,37,64344,(684) 190-3087
231,430 Alessandria Loop,Saarland,439,47446,(669) 822-4459
232,754 Valencia Place,Phnom Penh,406,87911,(594) 311-7514
233,356 Olomouc Manor,Gois,26,93323,(223) 264-0776
234,1256 Bislig Boulevard,Botosani,86,50598,(479) 002-9460
235,954 Kimchon Place,West Bengali,559,42420,(541) 322-6474
236,885 Yingkou Manor,Kaduna,596,31390,(588) 960-9072
237,1736 Cavite Place,Qina,216,98775,(431) 770-3551
238,346 Skikda Parkway,Hawalli,233,90628,(630) 428-2919
239,98 Stara Zagora Boulevard,Valle,96,76448,(610) 175-6082
240,1479 Rustenburg Boulevard,Southern Tagalog,527,18727,(727) 788-3194
241,647 A Corua (La Corua) Street,Chollanam,357,36971,(792) 555-7753
242,1964 Gijn Manor,Karnataka,473,14408,(918) 110-1885
243,47 Syktyvkar Lane,West Java,118,22236,(639) 371-9031
244,1148 Saarbrcken Parkway,Fukushima,226,19214,(137) 770-1988
245,1103 Bilbays Parkway,Hubei,578,87660,(279) 972-9227
246,1246 Boksburg Parkway,Hebei,422,28349,(890) 284-4295
247,1483 Pathankot Street,Tucumn,454,37288,(686) 015-2180
248,582 Papeete Loop,Central Visayas,294,27722,(569) 864-3137
249,300 Junan Street,Kyonggi,553,81314,(890) 285-0158
250,829 Grand Prairie Way,Paran,328,64615,(741) 071-2873
251,1473 Changhwa Parkway,Mxico,124,75933,(266) 793-2374
252,1309 Weifang Street,Florida,520,57338,(435) 784-5362
253,1760 Oshawa Manor,Tianjin,535,38140,(562) 575-2250
254,786 Stara Zagora Way,Oyo & Osun,390,98332,(716) 259-6301
255,1966 Tonghae Street,Anhalt Sachsen,198,36481,(567) 357-9425
256,1497 Yuzhou Drive,England,312,34336,(246) 813-7916
258,752 Ondo Loop,Miyazaki,338,32474,(134) 677-6619
259,1338 Zalantun Lane,Minas Gerais,413,45403,(840) 527-2766
260,127 Iwakuni Boulevard,Central Luzon,192,20777,(987) 444-2471
261,51 Laredo Avenue,Sagaing,342,68146,(884) 532-0568
262,771 Yaound Manor,Sofala,64,86768,(245) 470-3573
263,532 Toulon Street,Santiago,460,69517,(468) 716-4740
264,1027 Banjul Place,West Bengali,197,50390,(538) 241-7443
265,1158 Mandi Bahauddin Parkway,Shanxi,136,98484,(276) 553-0211
266,862 Xintai Lane,Cagayan Valley,548,30065,(265) 150-0632
267,816 Cayenne Parkway,Manab,414,93629,(282) 871-1748
268,1831 Nam Dinh Loop,National Capital Reg,323,51990,(322) 887-6727
269,446 Kirovo-Tepetsk Lane,Osaka,203,19428,(303) 963-9816
270,682 Halisahar Place,Severn Morava,378,20536,(475) 553-6330
271,1587 Loja Manor,Salzburg,447,54107,(621) 620-4422
272,1762 Paarl Parkway,Hunan,298,53928,(192) 453-9410
273,1519 Ilorin Place,Kerala,395,49298,(357) 444-5426
274,920 Kumbakonam Loop,California,446,75090,(685) 013-6240
275,906 Goinia Way,Wielkopolskie,255,83565,(701) 762-2697
276,1675 Xiangfan Manor,Tamil Nadu,283,11763,(271) 141-7630
277,85 San Felipe de Puerto Plata Drive,Shandong,584,46063,(170) 734-5687
278,144 South Hill Loop,Guanajuato,445,20128,(453) 872-4817
279,1884 Shikarpur Avenue,Haryana,263,85548,(959) 949-5183
280,1980 Kamjanets-Podilskyi Street,Illinois,404,89502,(874) 339-8891
281,1944 Bamenda Way,Michigan,573,24645,(759) 752-1996
282,556 Baybay Manor,Oyo & Osun,374,55802,(363) 982-4739
283,457 Tongliao Loop,Bursa,222,56254,(880) 756-1823
284,600 Bradford Street,East Azerbaidzan,514,96204,(117) 597-4996
285,1006 Santa Brbara dOeste Manor,Ondo & Ekiti,389,36229,(850) 597-8746
286,1308 Sumy Loop,Fujian,175,30657,(583) 022-5407
287,1405 Chisinau Place,Ponce,411,81609,(627) 817-5285
288,226 Halifax Street,Xinxiang,277,58492,(790) 652-0929
289,1279 Udine Parkway,Edo & Delta,69,75860,(195) 005-5232
290,1336 Benin City Drive,Shiga,386,46044,(341) 243-9532
291,1155 Liaocheng Place,Oyo & Osun,152,22650,(558) 234-2492
292,1993 Tabuk Lane,Tamil Nadu,522,64221,(648) 481-5405
293,86 Higashiosaka Lane,Guanajuato,563,33768,(957) 129-7225
294,1912 Allende Manor,Kowloon and New Kowl,279,58124,(172) 265-4487
295,544 Tarsus Boulevard,Gurico,562,53145,(892) 523-3034
296,1936 Cuman Avenue,Virginia,433,61195,(976) 796-0411
297,1192 Tongliao Street,Sharja,470,19065,(350) 970-7017
298,44 Najafabad Way,Baskimaa,146,61391,(966) 048-1070
299,32 Pudukkottai Lane,Ohio,140,38834,(967) 272-8547
300,661 Chisinau Lane,Pietari,274,88560,(816) 436-5431
301,951 Stara Zagora Manor,Punjab,400,98573,(429) 920-9431
302,922 Vila Velha Loop,Maharashtra,9,40851,(510) 737-8015
303,898 Jining Lane,Pohjois-Pohjanmaa,387,40070,(161) 644-3536
304,1635 Kuwana Boulevard,Hiroshima,205,52137,(710) 606-8323
305,41 El Alto Parkway,Maharashtra,398,56883,(519) 178-7050
306,1883 Maikop Lane,Kaliningrad,254,68469,(961) 100-2435
307,1908 Gaziantep Place,Liaoning,536,58979,(108) 055-1300
308,687 Alessandria Parkway,Sanaa,455,57587,(407) 212-2294
309,827 Yuncheng Drive,Callao,99,79047,(504) 435-2842
310,913 Coacalco de Berriozbal Loop,Texas,33,42141,(262) 086-7001
311,715 So Bernardo do Campo Lane,Kedah,507,84804,(181) 172-1332
312,1354 Siegen Street,Rio de Janeiro,25,80184,(573) 440-1529
313,1191 Sungai Petani Boulevard,Missouri,262,96682,(983) 251-9766
314,1224 Huejutla de Reyes Boulevard,Lombardia,91,70923,(806) 013-0576
315,543 Bergamo Avenue,Minas Gerais,215,59686,(103) 609-5112
316,746 Joliet Lane,Kursk,286,94878,(688) 489-1923
317,780 Kimberley Way,Tabuk,515,17032,(824) 398-3951
318,1774 Yaound Place,Hubei,166,91400,(613) 128-6867
319,1957 Yantai Lane,So Paulo,490,59255,(704) 942-2302
320,1542 Lubumbashi Boulevard,Tel Aviv,57,62472,(508) 803-1065
321,651 Pathankot Loop,Maharashtra,336,59811,(139) 379-7418
322,1359 Zhoushan Parkway,Streymoyar,545,29763,(465) 680-5367
323,1769 Iwaki Lane,Kujawsko-Pomorskie,97,25787,(556) 100-7674
324,1145 Vilnius Manor,Mxico,451,73170,(674) 801-2553
325,1892 Nabereznyje Telny Lane,Tutuila,516,28396,(478) 228-7054
326,470 Boksburg Street,Central,81,97960,(908) 025-9266
327,1427 A Corua (La Corua) Place,Buenos Aires,45,85799,(972) 576-2516
328,479 San Felipe del Progreso Avenue,Morelos,130,54949,(869) 051-2691
329,867 Benin City Avenue,Henan,591,78543,(168) 881-7145
330,981 Kumbakonam Place,Distrito Federal,89,87611,(829) 118-4079
331,1016 Iwakuni Street,St George,269,49833,(961) 374-7344
332,663 Baha Blanca Parkway,Adana,5,33463,(834) 417-9292
333,1860 Taguig Loop,West Java,119,59550,(381) 584-0589
334,1816 Bydgoszcz Loop,Dhaka,234,64308,(965) 271-3662
335,587 Benguela Manor,Illinois,42,91590,(165) 458-7037
336,430 Kumbakonam Drive,Santa F,457,28814,(105) 479-1550
337,1838 Tabriz Lane,Dhaka,143,11953,(389) 887-5447
338,431 Szkesfehrvr Avenue,Baki,48,57828,(119) 501-5123
339,503 Sogamoso Loop,Sumqayit,505,49812,(834) 621-5837
340,507 Smolensk Loop,Sousse,492,22971,(803) 032-6192
341,1920 Weifang Avenue,Uttar Pradesh,427,15643,(869) 504-7714
342,124 al-Manama Way,Hiroshima,382,52368,(647) 890-4952
343,1443 Mardan Street,Western Cape,392,31483,(231) 383-7471
344,1909 Benguela Lane,Henan,581,19913,(624) 130-1031
345,68 Ponce Parkway,Hanoi,201,85926,(870) 632-7812
346,1217 Konotop Avenue,Gelderland,151,50455,(718) 915-1754
347,1293 Nam Dinh Way,Roraima,84,71583,(697) 657-9977
348,785 Vaduz Street,Baja California,335,36170,(895) 616-2749
349,1516 Escobar Drive,Tongatapu,370,46069,(645) 360-9371
350,1628 Nagareyama Lane,Central,453,60079,(200) 642-2617
351,1157 Nyeri Loop,Adygea,320,56380,(262) 744-1493
352,1673 Tangail Drive,Daugavpils,137,26857,(627) 925-9271
353,381 Kabul Way,Taipei,209,87272,(554) 773-2294
354,953 Hodeida Street,Southern Tagalog,221,18841,(539) 128-6864
355,469 Nakhon Sawan Street,Tuvassia,531,58866,(689) 193-6560
356,1378 Beira Loop,Krasnojarsk,597,40792,(840) 956-4136
357,1641 Changhwa Place,Nord-Ouest,52,37636,(256) 548-5220
358,1698 Southport Loop,Hidalgo,393,49009,(754) 354-9853
359,519 Nyeri Manor,So Paulo,461,37650,(764) 681-5323
360,619 Hunuco Avenue,Shimane,331,81508,(142) 599-2389
361,45 Aparecida de Goinia Place,Madhya Pradesh,464,74316,(650) 495-4258
362,482 Kowloon and New Kowloon Manor,Bratislava,90,97056,(738) 968-4939
363,604 Bern Place,Jharkhand,429,53737,(620) 718-3725
364,1623 Kingstown Drive,Buenos Aires,20,91299,(296) 396-9728
365,1009 Zanzibar Lane,Arecibo,32,64875,(102) 399-8916
366,114 Jalib al-Shuyukh Manor,Centre,585,60440,(845) 375-7301
367,1163 London Parkway,Par,66,60668,(675) 125-8494
368,1658 Jastrzebie-Zdrj Loop,Central,372,96584,(568) 367-5448
369,817 Laredo Avenue,Jalisco,188,77449,(151) 248-1135
370,1565 Tangail Manor,Okinawa,377,45750,(634) 442-8822
371,1912 Emeishan Drive,Balikesir,50,33050,(998) 834-1275
372,230 Urawa Drive,Andhra Pradesh,8,27388,(166) 899-5731
373,1922 Miraj Way,Esfahan,356,13203,(320) 477-9776
374,433 Florencia Street,Chihuahua,250,91330,(561) 728-2725
375,1049 Matamoros Parkway,Karnataka,191,69640,(960) 505-0340
376,1061 Ede Avenue,Southern Tagalog,98,57810,(333) 399-5558
377,154 Oshawa Manor,East Java,415,72771,(440) 367-3660
378,1191 Tandil Drive,Southern Tagalog,523,63629,(455) 543-6010
379,1133 Rizhao Avenue,Pernambuco,572,28000,(600) 263-3987
380,1519 Santiago de los Caballeros Loop,East Kasai,348,22025,(409) 319-5763
381,1618 Olomouc Manor,Kurgan,285,26385,(968) 466-5220
382,220 Hidalgo Drive,Kermanshah,265,45298,(342) 725-4566
383,686 Donostia-San Sebastin Lane,Guangdong,471,97390,(718) 575-9858
384,97 Mogiljov Lane,Gujarat,73,89294,(924) 810-7181
385,1642 Charlotte Amalie Drive,Slaskie,549,75442,(821) 473-6117
386,1368 Maracabo Boulevard,,493,32716,(934) 351-5130
387,401 Sucre Boulevard,New Hampshire,322,25007,(486) 399-9608
388,368 Hunuco Boulevard,Namibe,360,17165,(106) 435-8941
389,500 Lincoln Parkway,Jiangsu,210,95509,(550) 306-5159
390,102 Chapra Drive,Ibaragi,521,14073,(776) 033-3752
391,1793 Meixian Place,Hmelnytskyi,258,33535,(619) 968-7415
392,514 Ife Way,Shaba,315,69973,(900) 231-2074
393,717 Changzhou Lane,Southern Tagalog,104,21615,(426) 258-8071
394,753 Ilorin Avenue,Sichuan,157,36561,(464) 514-5118
395,1337 Mit Ghamr Avenue,Nakhon Sawan,358,29810,(175) 281-0378
396,767 Pyongyang Drive,Osaka,229,83536,(667) 732-4769
397,614 Pak Kret Street,Addis Abeba,6,27796,(478) 083-9842
398,954 Lapu-Lapu Way,Moskova,278,88162,(737) 220-3916
399,331 Bydgoszcz Parkway,Asturia,181,96634,(537) 376-5982
400,1152 Citrus Heights Manor,al-Qadarif,15,52395,(765) 951-4528
401,168 Cianjur Manor,Saitama,228,73824,(679) 098-7143
402,616 Hagonoy Avenue,Krasnojarsk,39,46043,(604) 173-8256
403,1190 0 Place,Rio Grande do Sul,44,10417,(841) 871-4789
404,734 Bchar Place,Punjab,375,30586,(280) 575-0435
405,530 Lausanne Lane,Texas,135,11067,(775) 232-9633
406,454 Patiala Lane,Fukushima,276,13496,(794) 553-1307
407,1346 Mysore Drive,Bretagne,92,61507,(516) 647-4029
408,990 Etawah Loop,Tamil Nadu,564,79940,(206) 164-8769
409,1266 Laredo Parkway,Saitama,380,76646,(148) 336-5694
410,88 Nagaon Manor,Buenos Aires,524,86868,(779) 468-0495
411,264 Bhimavaram Manor,St Thomas,111,54749,(302) 524-9177
412,1639 Saarbrcken Drive,North West,437,98277,(328) 497-3422
413,692 Amroha Drive,Northern,230,35575,(359) 478-3004
414,1936 Lapu-Lapu Parkway,Bauchi & Gombe,141,71228,(653) 438-5797
415,432 Garden Grove Street,Ontario,430,65630,(615) 962-3510
416,1445 Carmen Parkway,West Java,117,70809,(598) 919-4463
417,791 Salinas Street,Punjab,208,40509,(129) 953-0512
418,126 Acua Parkway,West Bengali,71,58888,(480) 036-2421
419,397 Sunnyvale Avenue,Guanajuato,19,55566,(680) 854-0676
420,992 Klerksdorp Loop,Utrecht,23,33711,(855) 298-7237
421,966 Arecibo Loop,Sind,134,94018,(152) 737-5306
422,289 Santo Andr Manor,al-Sharqiya,16,72410,(214) 976-6017
423,437 Chungho Drive,Puerto Plata,450,59489,(491) 275-5190
424,1948 Bayugan Parkway,Bihar,264,60622,(987) 302-9957
425,1866 al-Qatif Avenue,California,155,89420,(546) 791-6940
426,1661 Abha Drive,Tamil Nadu,416,14400,(270) 457-3752
427,1557 Cape Coral Parkway,Hubei,293,46875,(368) 282-0423
428,1727 Matamoros Place,Sawhaj,465,78813,(129) 673-7866
429,1269 Botosani Manor,Guangdong,468,47394,(736) 512-7853
430,355 Vitria de Santo Anto Way,Oaxaca,452,81758,(548) 004-9552
431,1596 Acua Parkway,Jharkhand,418,70425,(157) 135-7169
432,259 Ipoh Drive,So Paulo,189,64964,(419) 005-7119
433,1823 Hoshiarpur Lane,Komi,510,33191,(307) 136-8620
434,1404 Taguig Drive,Okayama,547,87212,(572) 062-4538
435,740 Udaipur Lane,Nizni Novgorod,150,33505,(497) 289-5103
436,287 Cuautla Boulevard,Chuquisaca,501,72736,(826) 195-3349
437,1766 Almirante Brown Street,KwaZulu-Natal,364,63104,(617) 569-8243
438,596 Huixquilucan Place,Nampula,351,65892,(342) 704-8083
439,1351 Aparecida de Goinia Parkway,Northern Mindanao,391,41775,(959) 833-0529
440,722 Bradford Lane,Shandong,249,90920,(746) 253-8300
441,983 Santa F Way,British Colombia,565,47472,(145) 725-2260
442,1245 Ibirit Way,La Romana,290,40926,(331) 884-2162
443,1836 Korla Parkway,Copperbelt,272,55405,(689) 687-7428
444,231 Kaliningrad Place,Lombardia,70,57833,(575) 082-6569
445,495 Bhimavaram Lane,Maharashtra,144,39016,(820) 889-7724
446,1924 Shimonoseki Drive,Batna,59,52625,(406) 788-5440
447,105 Dzerzinsk Manor,Inner Mongolia,540,48570,(240) 771-4296
448,614 Denizli Parkway,Rio Grande do Sul,486,29444,(876) 490-7547
449,1289 Belm Boulevard,Tartumaa,530,88306,(237) 362-6031
450,203 Tambaram Street,Buenos Aires,161,73942,(411) 545-0611
451,1704 Tambaram Manor,West Bengali,554,28342,(394) 635-4936
452,207 Cuernavaca Loop,Tatarstan,352,52671,(782) 900-0287
453,319 Springs Loop,Baijeri,160,99552,(725) 244-9905
454,956 Nam Dinh Manor,Kerman,481,21872,(474) 042-7727
455,1947 Paarl Way,Central Java,509,23636,(834) 061-6202
456,814 Simferopol Loop,Sinaloa,154,48745,(524) 567-9902
457,535 Ahmadnagar Manor,Abu Dhabi,3,41136,(985) 107-5584
458,138 Caracas Boulevard,Zulia,326,16790,(974) 431-9532
459,251 Florencia Drive,Michoacn de Ocampo,556,16119,(118) 013-1565
460,659 Gatineau Boulevard,La Paz,153,28587,(205) 529-8287
461,1889 Valparai Way,Ziguinchor,600,75559,(670) 377-4122
462,1485 Bratislava Place,Illinois,435,83183,(924) 665-5568
463,935 Aden Boulevard,Central Java,532,64709,(335) 054-4020
464,76 Kermanshah Manor,Esfahan,423,23343,(762) 362-1578
465,734 Tanshui Avenue,Caquet,170,70664,(366) 772-3320
466,118 Jaffna Loop,Northern Mindanao,182,10447,(325) 523-0021
467,1621 Tongliao Avenue,Irkutsk,558,22173,(209) 344-0247
468,1844 Usak Avenue,Nova Scotia,196,84461,(164) 417-2677
469,1872 Toulon Loop,OHiggins,428,79393,(928) 806-5153
470,1088 Ibirit Place,Jalisco,595,88502,(490) 842-1333
471,1322 Mosul Parkway,Shandong,145,95400,(268) 057-0382
472,1447 Chatsworth Place,Chihuahua,129,41545,(769) 372-6331
473,1257 Guadalajara Street,Karnataka,78,33599,(195) 330-0615
474,1469 Plock Lane,Galicia,388,95835,(622) 884-1180
475,434 Ourense (Orense) Manor,Hodeida,206,14122,(562) 373-7426
476,270 Tambaram Parkway,Gauteng,244,96684,(248) 446-8735
477,1786 Salinas Place,Nam Ha,359,66546,(206) 065-2238
478,1078 Stara Zagora Drive,Aceh,301,69221,(932) 992-6595
479,1854 Okara Boulevard,Drenthe,158,42123,(131) 919-3873
480,421 Yaound Street,Sumy,385,11363,(726) 872-8268
481,1153 Allende Way,Qubec,179,20336,(856) 872-5376
482,808 Naala-Porto Parkway,England,500,41060,(553) 453-0707
483,632 Usolje-Sibirskoje Parkway,Ha Darom,36,73085,(667) 647-9883
484,98 Pyongyang Boulevard,Ohio,11,88749,(191) 953-5142
485,984 Novoterkassk Loop,Gaziantep,180,28165,(435) 112-7255
486,64 Korla Street,Mwanza,347,25145,(510) 387-9153
487,1785 So Bernardo do Campo Street,Veracruz,125,71182,(684) 526-3244
488,698 Jelets Boulevard,Denizli,142,25965,(975) 182-3021
489,1297 Alvorada Parkway,Ningxia,587,11839,(508) 340-2835
490,1909 Dayton Avenue,Guangdong,469,88513,(702) 955-0528
491,1789 Saint-Denis Parkway,Coahuila de Zaragoza,4,82686,(936) 804-3983
492,185 Mannheim Lane,Stavropol,408,23661,(589) 376-8313
493,184 Mandaluyong Street,Baja California Sur,288,94239,(488) 420-6814
494,591 Sungai Petani Drive,Okayama,376,46400,(372) 473-5001
495,656 Matamoros Drive,Boyac,487,19489,(173) 058-9123
496,775 ostka Drive,al-Daqahliya,337,22358,(171) 972-4401
497,1013 Tabuk Boulevard,West Bengali,261,96203,(158) 394-6978
498,319 Plock Parkway,Istanbul,504,26101,(854) 257-6812
499,1954 Kowloon and New Kowloon Way,Chimborazo,434,63667,(898) 558-0434
500,362 Rajkot Lane,Gansu,47,98030,(962) 025-3680
501,1060 Tandil Lane,Shandong,432,72349,(211) 250-1880
502,1515 Korla Way,England,589,57197,(959) 466-0895
503,1416 San Juan Bautista Tuxtepec Avenue,Zufar,444,50592,(144) 205-8053
504,1 Valle de Santiago Avenue,Apulia,93,86208,(465) 893-8272
505,519 Brescia Parkway,East Java,318,69504,(793) 997-8771
506,414 Mandaluyong Street,Lubelskie,314,16370,(527) 092-2667
507,1197 Sokoto Boulevard,West Bengali,478,87687,(868) 601-6371
508,496 Celaya Drive,Nagano,552,90797,(759) 588-4889
509,786 Matsue Way,Illinois,245,37469,(111) 170-6479
510,48 Maracabo Place,Central Luzon,519,15707,(826) 718-0126
511,1152 al-Qatif Lane,Kalimantan Barat,412,44816,(131) 370-5218
512,1269 Ipoh Avenue,Eskisehir,163,54674,(402) 630-9080
513,758 Korolev Parkway,Andhra Pradesh,568,75474,(441) 628-0920
514,1747 Rustenburg Place,Bihar,110,51369,(442) 672-3363
515,886 Tonghae Place,Volgograd,259,19450,(711) 924-8157
516,1574 Goinia Boulevard,Heilongjiang,502,39529,(596) 342-5214
517,548 Uruapan Street,Ontario,312,35653,(879) 345-3467
519,962 Tama Loop,,583,65952,(282) 660-6728
520,1778 Gijn Manor,Hubei,594,35156,(288) 917-6761
521,568 Dhule (Dhulia) Loop,Coquimbo,127,92568,(602) 106-9463
522,1768 Udine Loop,Battambang,60,32347,(448) 879-9197
523,608 Birgunj Parkway,Taipei,116,40080,(627) 421-8482
524,680 A Corua (La Corua) Manor,Sivas,482,49806,(158) 321-4853
525,1949 Sanya Street,Gumma,224,61244,(132) 107-2047
526,617 Klerksdorp Place,Khanh Hoa,366,94707,(574) 977-9129
527,1993 0 Loop,Liaoning,588,41214,(258) 655-8181
528,1176 Southend-on-Sea Manor,Southern Tagalog,458,81651,(236) 679-7178
529,600 Purnea (Purnia) Avenue,Nghe An,571,18043,(638) 405-8875
530,1003 Qinhuangdao Street,West Java,419,25972,(355) 331-5997
531,1986 Sivas Place,Friuli-Venezia Giuli,551,95775,(182) 050-2712
532,1427 Tabuk Place,Florida,101,31342,(214) 753-9122
533,556 Asuncin Way,Mogiljov,339,35364,(338) 242-3543
534,486 Ondo Parkway,Benguela,67,35202,(105) 881-8332
535,635 Brest Manor,Andhra Pradesh,75,40899,(805) 932-2951
536,166 Jinchang Street,Buenos Aires,165,86760,(717) 562-6669
537,958 Sagamihara Lane,Mie,287,88408,(427) 272-6505
538,1817 Livorno Way,Khanh Hoa,100,79401,(478) 380-8348
539,1332 Gaziantep Lane,Shandong,80,22813,(383) 358-7467
540,949 Allende Lane,Uttar Pradesh,24,67521,(122) 982-0653
541,195 Ilorin Street,Chari-Baguirmi,363,49250,(891) 293-5608
542,193 Bhusawal Place,Kang-won,539,97501,(745) 260-7502
543,43 Vilnius Manor,Colorado,42,79814,(484) 508-2381
544,183 Haiphong Street,Jilin,46,69953,(488) 607-0038
545,163 Augusta-Richmond County Loop,Carabobo,561,33030,(754) 574-7924
546,191 Jos Azueta Parkway,Ruse,436,13629,(932) 156-7696
547,379 Lublin Parkway,Toscana,309,74568,(921) 965-0089
548,1658 Cuman Loop,Sumatera Selatan,396,51309,(784) 903-5610
549,454 Qinhuangdao Drive,Tadla-Azilal,68,25866,(786) 273-6240
550,1715 Okayama Street,So Paulo,485,55676,(169) 351-9175
551,182 Nukualofa Drive,Sumy,275,15414,(426) 342-4043
552,390 Wroclaw Way,Hainan,462,57532,(357) 592-8658
553,1421 Quilmes Lane,Ishikawa,260,19151,(135) 405-5975
554,947 Trshavn Place,Central Luzon,528,84139,(508) 984-8626
555,1764 Jalib al-Shuyukh Parkway,Galicia,459,77642,(847) 945-2510
556,346 Cam Ranh Avenue,Zhejiang,599,39976,(978) 438-6151
557,1407 Pachuca de Soto Place,Rio Grande do Sul,21,26284,(380) 079-4770
558,904 Clarksville Drive,Zhejiang,193,52234,(955) 344-0539
559,1917 Kumbakonam Parkway,Vojvodina,368,11892,(698) 184-7686
560,1447 Imus Place,Gujarat,426,12905,(621) 278-9280
561,1497 Fengshan Drive,KwaZulu-Natal,112,63022,(368) 736-0376
562,869 Shikarpur Way,England,496,57380,(590) 765-6785
563,1059 Yuncheng Avenue,Vilna,570,47498,(107) 099-3983
564,505 Madiun Boulevard,Dolnoslaskie,577,97271,(970) 638-8606
565,1741 Hoshiarpur Boulevard,al-Sharqiya,79,22372,(855) 062-8617
566,1229 Varanasi (Benares) Manor,Buenos Aires,43,40195,(817) 745-5461
567,1894 Boa Vista Way,Texas,178,77464,(239) 358-6667
568,1342 Sharja Way,Sokoto & Kebbi & Zam,488,93655,(946) 115-4231
569,1342 Abha Boulevard,Bukarest,95,10714,(997) 450-7116
570,415 Pune Avenue,Shandong,580,44274,(203) 200-0108
571,1746 Faaa Way,Huanuco,214,32515,(863) 086-1151
572,539 Hami Way,Tokat,538,52196,(525) 517-5499
573,1407 Surakarta Manor,Moskova,466,33224,(324) 348-5054
574,502 Mandi Bahauddin Parkway,Anzotegui,55,15992,(618) 152-2572
575,1052 Pathankot Avenue,Sichuan,299,77397,(128) 498-6727
576,1351 Sousse Lane,Coahuila de Zaragoza,341,37815,(203) 804-6132
577,1501 Pangkal Pinang Avenue,Mazowieckie,409,94398,(770) 866-2795
578,1405 Hagonoy Avenue,Slaskie,133,86587,(867) 281-9310
579,521 San Juan Bautista Tuxtepec Place,Qaraghandy,598,95093,(844) 014-8565
580,923 Tangail Boulevard,Tokyo-to,10,33384,(315) 526-9898
581,186 Skikda Lane,Morelos,131,89422,(144) 656-9789
582,1568 Celaya Parkway,Kaohsiung,168,34750,(278) 669-4384
583,1489 Kakamigahara Lane,Taipei,526,98883,(293) 418-9811
584,1819 Alessandria Loop,Campeche,103,53829,(377) 639-4405
585,1208 Tama Loop,Ninawa,344,73605,(954) 785-4144
586,951 Springs Lane,Central Mindanao,219,96115,(165) 166-1435
587,760 Miyakonojo Drive,Guerrero,246,64682,(294) 445-8179
588,966 Asuncin Way,Hidalgo,212,62703,(995) 527-8381
589,1584 Ljubertsy Lane,England,494,22954,(285) 718-9439
590,247 Jining Parkway,Banjul,54,53446,(170) 117-9190
591,773 Dallas Manor,Buenos Aires,424,12664,(914) 462-7044
592,1923 Stara Zagora Lane,Nantou,546,95179,(182) 170-9211
593,1402 Zanzibar Boulevard,Guanajuato,106,71102,(387) 446-3440
594,1464 Kursk Parkway,Shandong,574,17381,(338) 754-8786
595,1074 Sanaa Parkway,Loja,311,22474,(154) 122-8457
596,1759 Niznekamsk Avenue,al-Manama,14,39414,(864) 398-2257
597,32 Liaocheng Way,Minas Gerais,248,19440,(410) 875-4933
598,42 Fontana Avenue,Fejr,512,14684,(437) 820-1725
599,1895 Zhezqazghan Drive,California,177,36693,(137) 804-6111
600,1837 Kaduna Parkway,Inner Mongolia,241,82580,(640) 846-2301
601,844 Bucuresti Place,Liaoning,242,36603,(935) 956-6111
602,1101 Bucuresti Boulevard,West Greece,401,97661,(199) 518-0428
603,1103 Quilmes Boulevard,Piura,503,52137,(644) 028-0889
604,1331 Usak Boulevard,Vaud,296,61960,(145) 301-7464
605,1325 Fukuyama Street,Heilongjiang,537,27107,(288) 241-5394
